cobdate,currency,product,index,residual_tenor_bucket,counterparty_type,trade_count,notional,dv01
2026-07-02,USD,IRS,SOFR,0-2Y,CLIENT,234,13950206961.31,1116016.56
2026-07-02,USD,IRS,SOFR,2-5Y,DEALER,409,34938488819.77,8734622.2
2026-07-02,USD,IRS,SOFR,2-5Y,CLIENT,792,58121413587.75,14530353.4
2026-07-02,USD,IRS,SOFR,5-10Y,DEALER,410,70307594989.29,42184556.99
2026-07-02,USD,IRS,SOFR,5-10Y,CLIENT,340,79938453789.05,47963072.27
2026-07-02,USD,IRS,SOFR,10-15Y,CLIENT,183,26945740712.17,29640314.78
2026-07-02,USD,IRS,SOFR,15-30Y,DEALER,40,1262344962.7,2398455.43
2026-07-02,USD,IRS,SOFR,30Y+,DEALER,322,36037113498.55,100903917.8
2026-07-02,USD,IRS,SOFR,30Y+,CLIENT,119,11825372859.17,33111044.01
2026-07-02,USD,IRS,FedFunds,0-2Y,DEALER,261,4143296898.29,331463.75
2026-07-02,USD,IRS,FedFunds,2-5Y,DEALER,826,113096530651.67,28274132.66
2026-07-02,USD,IRS,FedFunds,2-5Y,CLIENT,760,141036418527.89,35259104.63
2026-07-02,USD,IRS,FedFunds,10-15Y,DEALER,339,53451172573.1,58796289.83
2026-07-02,USD,IRS,FedFunds,10-15Y,CLIENT,128,23211493688.12,25532643.06
2026-07-02,USD,OIS,SOFR,2-5Y,CLIENT,694,130675319263.82,32668829.82
2026-07-02,USD,OIS,SOFR,5-10Y,CLIENT,416,57925760762.79,34755456.46
2026-07-02,USD,OIS,SOFR,15-30Y,CLIENT,671,56331162122.54,107029208.03
2026-07-02,USD,OIS,SOFR,30Y+,CLIENT,524,63367642547.04,177429399.13
2026-07-02,USD,OIS,FedFunds,0-2Y,DEALER,816,151213412272.37,12097072.98
2026-07-02,USD,OIS,FedFunds,0-2Y,CLIENT,291,38204151046.91,3056332.08
2026-07-02,USD,OIS,FedFunds,2-5Y,DEALER,344,9590673222.37,2397668.31
2026-07-02,USD,OIS,FedFunds,2-5Y,CLIENT,241,40930220368.05,10232555.09
2026-07-02,USD,OIS,FedFunds,15-30Y,DEALER,787,17977375010.22,34157012.52
2026-07-02,USD,OIS,FedFunds,30Y+,DEALER,200,36198949859.45,101357059.61
2026-07-02,USD,BASIS,SOFR,2-5Y,DEALER,769,165956304728.43,41489076.18
2026-07-02,USD,BASIS,SOFR,2-5Y,CLIENT,798,87110332377.74,21777583.09
2026-07-02,USD,BASIS,SOFR,5-10Y,CLIENT,531,63090617233.69,37854370.34
2026-07-02,USD,BASIS,SOFR,10-15Y,DEALER,125,14604143405.02,16064557.75
2026-07-02,USD,BASIS,SOFR,10-15Y,CLIENT,684,92427081431.68,101669789.57
2026-07-02,USD,BASIS,SOFR,15-30Y,DEALER,325,77271903822.29,146816617.26
2026-07-02,USD,BASIS,SOFR,15-30Y,CLIENT,628,128536901218.05,244220112.31
2026-07-02,USD,BASIS,SOFR,30Y+,DEALER,437,91109888156.22,255107686.84
2026-07-02,USD,BASIS,SOFR,30Y+,CLIENT,163,30512880082.64,85436064.23
2026-07-02,USD,BASIS,FedFunds,0-2Y,DEALER,266,50323293176.24,4025863.45
2026-07-02,USD,BASIS,FedFunds,0-2Y,CLIENT,284,54705316153.4,4376425.29
2026-07-02,USD,BASIS,FedFunds,2-5Y,DEALER,642,40840981919.4,10210245.48
2026-07-02,USD,BASIS,FedFunds,5-10Y,DEALER,241,17248418497.67,10349051.1
2026-07-02,USD,BASIS,FedFunds,10-15Y,DEALER,142,5957398592.28,6553138.45
2026-07-02,USD,INFLATION,SOFR,0-2Y,DEALER,64,3563163227.59,285053.06
2026-07-02,USD,INFLATION,SOFR,2-5Y,DEALER,599,141834333739.52,35458583.43
2026-07-02,USD,INFLATION,SOFR,5-10Y,DEALER,590,57934077731.5,34760446.64
2026-07-02,USD,INFLATION,SOFR,10-15Y,CLIENT,430,58851536797.74,64736690.48
2026-07-02,USD,INFLATION,SOFR,15-30Y,DEALER,820,125293445118.3,238057545.72
2026-07-02,USD,INFLATION,FedFunds,2-5Y,DEALER,415,75706141570.25,18926535.39
2026-07-02,USD,INFLATION,FedFunds,2-5Y,CLIENT,131,32131271868.47,8032817.97
2026-07-02,USD,INFLATION,FedFunds,5-10Y,DEALER,404,60605546931.65,36363328.16
2026-07-02,USD,INFLATION,FedFunds,5-10Y,CLIENT,86,13972735083.56,8383641.05
2026-07-02,USD,INFLATION,FedFunds,10-15Y,CLIENT,52,3574391439.33,3931830.58
2026-07-02,USD,INFLATION,FedFunds,15-30Y,CLIENT,346,66259442338.18,125892940.44
2026-07-02,USD,INFLATION,FedFunds,30Y+,CLIENT,432,28860418923.85,80809172.99
2026-07-02,USD,FRA,SOFR,2-5Y,DEALER,359,21516460585.88,5379115.15
2026-07-02,USD,FRA,SOFR,5-10Y,DEALER,42,7971059669.77,4782635.8
2026-07-02,USD,FRA,SOFR,5-10Y,CLIENT,205,43175268804.64,25905161.28
2026-07-02,USD,FRA,SOFR,10-15Y,DEALER,245,8801414016.82,9681555.42
2026-07-02,USD,FRA,SOFR,10-15Y,CLIENT,578,137101871916.1,150812059.11
2026-07-02,USD,FRA,SOFR,15-30Y,DEALER,263,50730078967.58,96387150.04
2026-07-02,USD,FRA,SOFR,30Y+,DEALER,766,138644101090.61,388203483.05
2026-07-02,USD,FRA,SOFR,30Y+,CLIENT,168,40547907018.08,113534139.65
2026-07-02,USD,FRA,FedFunds,2-5Y,CLIENT,385,39339430196.06,9834857.55
2026-07-02,USD,FRA,FedFunds,5-10Y,DEALER,78,11704990128.48,7022994.08
2026-07-02,USD,FRA,FedFunds,5-10Y,CLIENT,249,7461489138.73,4476893.48
2026-07-02,USD,FRA,FedFunds,10-15Y,DEALER,701,106622692786.72,117284962.07
2026-07-02,USD,FRA,FedFunds,15-30Y,DEALER,802,12079673394.2,22951379.45
2026-07-02,USD,FRA,FedFunds,15-30Y,CLIENT,678,64945528248.58,123396503.67
2026-07-02,USD,FRA,FedFunds,30Y+,DEALER,350,2834921876.72,7937781.25
2026-07-02,USD,VNS,SOFR,0-2Y,DEALER,444,106734471561.6,8538757.72
2026-07-02,USD,VNS,SOFR,0-2Y,CLIENT,849,99873082997.9,7989846.64
2026-07-02,USD,VNS,SOFR,5-10Y,DEALER,667,47470514805.65,28482308.88
2026-07-02,USD,VNS,SOFR,5-10Y,CLIENT,552,107522509748.25,64513505.85
2026-07-02,USD,VNS,SOFR,10-15Y,DEALER,846,155749803439.02,171324783.78
2026-07-02,USD,VNS,SOFR,15-30Y,DEALER,89,6527030473.64,12401357.9
2026-07-02,USD,VNS,SOFR,15-30Y,CLIENT,769,91398398650.38,173656957.44
2026-07-02,USD,VNS,SOFR,30Y+,DEALER,389,34005279858.75,95214783.6
2026-07-02,USD,VNS,SOFR,30Y+,CLIENT,333,16500404746.21,46201133.29
2026-07-02,USD,VNS,FedFunds,0-2Y,CLIENT,349,25657199019.65,2052575.92
2026-07-02,USD,VNS,FedFunds,2-5Y,DEALER,283,39950770920.8,9987692.73
2026-07-02,USD,VNS,FedFunds,2-5Y,CLIENT,196,5091134433.22,1272783.61
2026-07-02,USD,VNS,FedFunds,5-10Y,DEALER,501,70650104090.62,42390062.45
2026-07-02,USD,VNS,FedFunds,10-15Y,DEALER,729,91308144551.71,100438959.01
2026-07-02,USD,VNS,FedFunds,10-15Y,CLIENT,96,7400420872.66,8140462.96
2026-07-02,USD,VNS,FedFunds,30Y+,DEALER,378,45718653864.02,128012230.82
2026-07-02,USD,VNS,FedFunds,30Y+,CLIENT,436,108640172980.14,304192484.34
2026-07-02,EUR,IRS,ESTR,0-2Y,DEALER,361,63969005361.62,5117520.43
2026-07-02,EUR,IRS,ESTR,10-15Y,DEALER,781,135964345267.02,149560779.79
2026-07-02,EUR,IRS,ESTR,15-30Y,DEALER,284,51836624376.05,98489586.31
2026-07-02,EUR,IRS,ESTR,15-30Y,CLIENT,538,81352987506.93,154570676.26
2026-07-02,EUR,IRS,ESTR,30Y+,DEALER,199,15438496316.49,43227789.69
2026-07-02,EUR,IRS,EURIBOR,0-2Y,CLIENT,130,9386815758.05,750945.26
2026-07-02,EUR,IRS,EURIBOR,2-5Y,DEALER,567,43417161978.05,10854290.49
2026-07-02,EUR,IRS,EURIBOR,2-5Y,CLIENT,654,142423537637.44,35605884.41
2026-07-02,EUR,IRS,EURIBOR,5-10Y,DEALER,13,1893394539.51,1136036.72
2026-07-02,EUR,IRS,EURIBOR,5-10Y,CLIENT,452,39989774971.73,23993864.98
2026-07-02,EUR,IRS,EURIBOR,10-15Y,DEALER,259,61010190532.92,67111209.59
2026-07-02,EUR,IRS,EURIBOR,10-15Y,CLIENT,842,17689697229.65,19458666.95
2026-07-02,EUR,IRS,EURIBOR,15-30Y,DEALER,591,94095591138.11,178781623.16
2026-07-02,EUR,IRS,EURIBOR,30Y+,CLIENT,312,8071228637.81,22599440.19
2026-07-02,EUR,OIS,ESTR,0-2Y,CLIENT,427,65564921084.78,5245193.69
2026-07-02,EUR,OIS,ESTR,2-5Y,DEALER,232,45250420796.45,11312605.2
2026-07-02,EUR,OIS,ESTR,5-10Y,DEALER,305,65800954103.86,39480572.46
2026-07-02,EUR,OIS,ESTR,5-10Y,CLIENT,313,45170350954.82,27102210.57
2026-07-02,EUR,OIS,ESTR,10-15Y,CLIENT,102,24190279106.13,26609307.02
2026-07-02,EUR,OIS,ESTR,30Y+,DEALER,161,10266481933.38,28746149.41
2026-07-02,EUR,OIS,ESTR,30Y+,CLIENT,161,910543878.07,2549522.86
2026-07-02,EUR,OIS,EURIBOR,0-2Y,DEALER,609,73158291430.34,5852663.31
2026-07-02,EUR,OIS,EURIBOR,5-10Y,DEALER,73,12658879295.47,7595327.58
2026-07-02,EUR,OIS,EURIBOR,5-10Y,CLIENT,807,160476547911.56,96285928.75
2026-07-02,EUR,OIS,EURIBOR,10-15Y,DEALER,824,192608988390.98,211869887.23
2026-07-02,EUR,OIS,EURIBOR,15-30Y,DEALER,664,27557595766.93,52359431.96
2026-07-02,EUR,BASIS,ESTR,0-2Y,DEALER,610,114981731563.31,9198538.53
2026-07-02,EUR,BASIS,ESTR,0-2Y,CLIENT,296,33327408097.82,2666192.65
2026-07-02,EUR,BASIS,ESTR,2-5Y,DEALER,312,55047642879.54,13761910.72
2026-07-02,EUR,BASIS,ESTR,2-5Y,CLIENT,513,70432582695.13,17608145.67
2026-07-02,EUR,BASIS,ESTR,5-10Y,CLIENT,443,81937639363.8,49162583.62
2026-07-02,EUR,BASIS,ESTR,10-15Y,DEALER,27,739127355.06,813040.09
2026-07-02,EUR,BASIS,ESTR,10-15Y,CLIENT,590,87818619778.65,96600481.76
2026-07-02,EUR,BASIS,ESTR,15-30Y,CLIENT,842,59807429546.74,113634116.14
2026-07-02,EUR,BASIS,ESTR,30Y+,CLIENT,482,63694439982.23,178344431.95
2026-07-02,EUR,BASIS,EURIBOR,2-5Y,DEALER,447,71753448551.01,17938362.14
2026-07-02,EUR,BASIS,EURIBOR,2-5Y,CLIENT,94,11294339395.94,2823584.85
2026-07-02,EUR,BASIS,EURIBOR,15-30Y,CLIENT,679,160632671274.04,305202075.42
2026-07-02,EUR,BASIS,EURIBOR,30Y+,DEALER,564,7890809466.75,22094266.51
2026-07-02,EUR,INFLATION,ESTR,2-5Y,DEALER,527,109145475850.04,27286368.96
2026-07-02,EUR,INFLATION,ESTR,5-10Y,DEALER,474,50360440396.93,30216264.24
2026-07-02,EUR,INFLATION,ESTR,10-15Y,CLIENT,641,72625321891.4,79887854.08
2026-07-02,EUR,INFLATION,EURIBOR,0-2Y,DEALER,497,17270447040.65,1381635.76
2026-07-02,EUR,INFLATION,EURIBOR,0-2Y,CLIENT,624,125319083543.0,10025526.68
2026-07-02,EUR,INFLATION,EURIBOR,2-5Y,DEALER,319,44645822592.29,11161455.65
2026-07-02,EUR,INFLATION,EURIBOR,2-5Y,CLIENT,96,5764959510.4,1441239.88
2026-07-02,EUR,INFLATION,EURIBOR,5-10Y,DEALER,117,13812403886.63,8287442.33
2026-07-02,EUR,INFLATION,EURIBOR,10-15Y,DEALER,511,119318499838.45,131250349.82
2026-07-02,EUR,INFLATION,EURIBOR,15-30Y,DEALER,426,89250138199.84,169575262.58
2026-07-02,EUR,INFLATION,EURIBOR,15-30Y,CLIENT,250,29228171454.85,55533525.76
2026-07-02,EUR,FRA,ESTR,0-2Y,DEALER,765,168632723370.83,13490617.87
2026-07-02,EUR,FRA,ESTR,0-2Y,CLIENT,283,54988430324.16,4399074.43
2026-07-02,EUR,FRA,ESTR,2-5Y,DEALER,349,81627908901.82,20406977.23
2026-07-02,EUR,FRA,ESTR,2-5Y,CLIENT,841,4733558864.54,1183389.72
2026-07-02,EUR,FRA,ESTR,5-10Y,DEALER,602,88542899888.96,53125739.93
2026-07-02,EUR,FRA,ESTR,5-10Y,CLIENT,153,17503829028.22,10502297.42
2026-07-02,EUR,FRA,ESTR,10-15Y,DEALER,341,47814940609.18,52596434.67
2026-07-02,EUR,FRA,ESTR,10-15Y,CLIENT,467,109067290837.66,119974019.92
2026-07-02,EUR,FRA,ESTR,15-30Y,DEALER,715,45407761199.32,86274746.28
2026-07-02,EUR,FRA,ESTR,30Y+,DEALER,421,6607000665.39,18499601.86
2026-07-02,EUR,FRA,ESTR,30Y+,CLIENT,723,165415452776.73,463163267.77
2026-07-02,EUR,FRA,EURIBOR,0-2Y,CLIENT,812,167339517937.1,13387161.43
2026-07-02,EUR,FRA,EURIBOR,2-5Y,DEALER,508,122622049599.64,30655512.4
2026-07-02,EUR,FRA,EURIBOR,5-10Y,DEALER,340,74146036103.07,44487621.66
2026-07-02,EUR,FRA,EURIBOR,5-10Y,CLIENT,451,13272644042.0,7963586.43
2026-07-02,EUR,FRA,EURIBOR,10-15Y,DEALER,16,2911979804.08,3203177.78
2026-07-02,EUR,FRA,EURIBOR,15-30Y,DEALER,159,3709934410.33,7048875.38
2026-07-02,EUR,FRA,EURIBOR,15-30Y,CLIENT,272,23921720637.19,45451269.21
2026-07-02,EUR,FRA,EURIBOR,30Y+,DEALER,666,16435050858.95,46018142.41
2026-07-02,EUR,VNS,ESTR,0-2Y,DEALER,547,53661959409.0,4292956.75
2026-07-02,EUR,VNS,ESTR,2-5Y,DEALER,778,96897670190.22,24224417.55
2026-07-02,EUR,VNS,ESTR,2-5Y,CLIENT,633,13776031576.65,3444007.89
2026-07-02,EUR,VNS,ESTR,5-10Y,DEALER,295,73563958581.66,44138375.15
2026-07-02,EUR,VNS,ESTR,5-10Y,CLIENT,445,108888270819.24,65332962.49
2026-07-02,EUR,VNS,ESTR,10-15Y,DEALER,721,157741758543.88,173515934.4
2026-07-02,EUR,VNS,ESTR,15-30Y,DEALER,30,488033619.78,927263.88
2026-07-02,EUR,VNS,ESTR,15-30Y,CLIENT,301,27939879177.94,53085770.44
2026-07-02,EUR,VNS,EURIBOR,0-2Y,CLIENT,185,8629508894.01,690360.71
2026-07-02,EUR,VNS,EURIBOR,2-5Y,CLIENT,635,109453662277.7,27363415.57
2026-07-02,EUR,VNS,EURIBOR,5-10Y,DEALER,598,23958177176.03,14374906.31
2026-07-02,EUR,VNS,EURIBOR,5-10Y,CLIENT,261,30692235569.86,18415341.34
2026-07-02,EUR,VNS,EURIBOR,10-15Y,DEALER,824,98045327225.45,107849859.95
2026-07-02,EUR,VNS,EURIBOR,15-30Y,DEALER,76,8605008570.7,16349516.28
2026-07-02,EUR,VNS,EURIBOR,30Y+,DEALER,655,157656615461.34,441438523.29
2026-07-02,EUR,VNS,EURIBOR,30Y+,CLIENT,468,99262548056.85,277935134.56
2026-07-02,GBP,IRS,SONIA,2-5Y,DEALER,243,23919523461.05,5979880.87
2026-07-02,GBP,IRS,SONIA,5-10Y,CLIENT,23,5625717170.59,3375430.3
2026-07-02,GBP,IRS,SONIA,10-15Y,DEALER,282,1969488454.46,2166437.3
2026-07-02,GBP,IRS,SONIA,10-15Y,CLIENT,797,149392761270.15,164332037.4
2026-07-02,GBP,IRS,SONIA,15-30Y,CLIENT,509,106404174983.74,202167932.47
2026-07-02,GBP,IRS,SONIA,30Y+,DEALER,795,159572979777.09,446804343.38
2026-07-02,GBP,IRS,SONIA,30Y+,CLIENT,361,21174856445.5,59289598.05
2026-07-02,GBP,OIS,SONIA,2-5Y,DEALER,786,130868589218.8,32717147.3
2026-07-02,GBP,OIS,SONIA,2-5Y,CLIENT,644,18550524846.31,4637631.21
2026-07-02,GBP,OIS,SONIA,5-10Y,DEALER,41,3308230819.3,1984938.49
2026-07-02,GBP,OIS,SONIA,10-15Y,DEALER,750,27896919429.76,30686611.37
2026-07-02,GBP,OIS,SONIA,10-15Y,CLIENT,335,63024491989.82,69326941.19
2026-07-02,GBP,OIS,SONIA,30Y+,DEALER,375,50647061833.94,141811773.14
2026-07-02,GBP,OIS,SONIA,30Y+,CLIENT,169,11484846351.34,32157569.78
2026-07-02,GBP,BASIS,SONIA,0-2Y,DEALER,494,119552494738.47,9564199.58
2026-07-02,GBP,BASIS,SONIA,2-5Y,DEALER,824,27370460539.96,6842615.13
2026-07-02,GBP,BASIS,SONIA,2-5Y,CLIENT,145,27516231791.0,6879057.95
2026-07-02,GBP,BASIS,SONIA,5-10Y,CLIENT,691,169354321991.76,101612593.2
2026-07-02,GBP,BASIS,SONIA,10-15Y,DEALER,824,116630271309.93,128293298.44
2026-07-02,GBP,INFLATION,SONIA,0-2Y,DEALER,269,39870432840.34,3189634.63
2026-07-02,GBP,INFLATION,SONIA,0-2Y,CLIENT,381,12018566909.79,961485.35
2026-07-02,GBP,INFLATION,SONIA,5-10Y,DEALER,575,49082884951.02,29449730.97
2026-07-02,GBP,INFLATION,SONIA,5-10Y,CLIENT,664,13604148255.94,8162488.95
2026-07-02,GBP,INFLATION,SONIA,10-15Y,DEALER,718,56748273601.44,62423100.96
2026-07-02,GBP,INFLATION,SONIA,15-30Y,CLIENT,312,77688688526.27,147608508.2
2026-07-02,GBP,FRA,SONIA,0-2Y,DEALER,398,46224802734.24,3697984.22
2026-07-02,GBP,FRA,SONIA,0-2Y,CLIENT,761,133660957820.88,10692876.63
2026-07-02,GBP,FRA,SONIA,2-5Y,DEALER,602,112487256987.74,28121814.25
2026-07-02,GBP,FRA,SONIA,10-15Y,DEALER,418,98258424459.74,108084266.91
2026-07-02,GBP,FRA,SONIA,15-30Y,DEALER,223,25339234906.93,48144546.32
2026-07-02,GBP,FRA,SONIA,15-30Y,CLIENT,372,10915180486.6,20738842.92
2026-07-02,GBP,FRA,SONIA,30Y+,DEALER,558,126060889200.57,352970489.76
2026-07-02,GBP,FRA,SONIA,30Y+,CLIENT,63,6460285385.76,18088799.08
2026-07-02,GBP,VNS,SONIA,2-5Y,DEALER,466,12796354797.25,3199088.7
2026-07-02,GBP,VNS,SONIA,5-10Y,DEALER,22,382618172.47,229570.9
2026-07-02,GBP,VNS,SONIA,10-15Y,DEALER,806,115517212902.55,127068934.19
2026-07-02,GBP,VNS,SONIA,15-30Y,DEALER,213,31665401216.7,60164262.31
2026-07-02,GBP,VNS,SONIA,15-30Y,CLIENT,239,20433804651.22,38824228.84
2026-07-02,GBP,VNS,SONIA,30Y+,CLIENT,3,218797011.79,612631.63
2026-07-02,JPY,IRS,TONA,0-2Y,DEALER,134,18405273448.82,1472421.88
2026-07-02,JPY,IRS,TONA,0-2Y,CLIENT,113,18866380835.31,1509310.47
2026-07-02,JPY,IRS,TONA,5-10Y,DEALER,244,36421627680.18,21852976.61
2026-07-02,JPY,OIS,TONA,0-2Y,CLIENT,463,59467941775.85,4757435.34
2026-07-02,JPY,OIS,TONA,2-5Y,DEALER,45,8242854043.73,2060713.51
2026-07-02,JPY,OIS,TONA,2-5Y,CLIENT,675,89609994633.18,22402498.66
2026-07-02,JPY,OIS,TONA,5-10Y,DEALER,32,636871194.76,382122.72
2026-07-02,JPY,OIS,TONA,5-10Y,CLIENT,412,45088059130.12,27052835.48
2026-07-02,JPY,OIS,TONA,10-15Y,CLIENT,455,10467377540.07,11514115.29
2026-07-02,JPY,OIS,TONA,15-30Y,CLIENT,68,2442351861.16,4640468.54
2026-07-02,JPY,OIS,TONA,30Y+,DEALER,600,83608395805.11,234103508.25
2026-07-02,JPY,BASIS,TONA,0-2Y,DEALER,544,42023971580.2,3361917.73
2026-07-02,JPY,BASIS,TONA,0-2Y,CLIENT,441,12920736892.11,1033658.95
2026-07-02,JPY,BASIS,TONA,2-5Y,DEALER,671,110362445123.16,27590611.28
2026-07-02,JPY,BASIS,TONA,2-5Y,CLIENT,739,160396711219.48,40099177.8
2026-07-02,JPY,BASIS,TONA,5-10Y,CLIENT,424,37328216564.6,22396929.94
2026-07-02,JPY,BASIS,TONA,10-15Y,DEALER,426,78279657421.81,86107623.16
2026-07-02,JPY,BASIS,TONA,30Y+,DEALER,704,162716458963.47,455606085.1
2026-07-02,JPY,INFLATION,TONA,0-2Y,DEALER,96,10637735716.34,851018.86
2026-07-02,JPY,INFLATION,TONA,0-2Y,CLIENT,382,77883487409.11,6230678.99
2026-07-02,JPY,INFLATION,TONA,2-5Y,DEALER,601,143863192738.34,35965798.18
2026-07-02,JPY,INFLATION,TONA,2-5Y,CLIENT,687,24008358794.45,6002089.7
2026-07-02,JPY,INFLATION,TONA,5-10Y,CLIENT,769,83528418310.19,50117050.99
2026-07-02,JPY,INFLATION,TONA,10-15Y,DEALER,53,12839656149.67,14123621.76
2026-07-02,JPY,INFLATION,TONA,10-15Y,CLIENT,361,10967952053.2,12064747.26
2026-07-02,JPY,INFLATION,TONA,15-30Y,DEALER,159,26378162682.9,50118509.1
2026-07-02,JPY,INFLATION,TONA,30Y+,CLIENT,377,12496381984.23,34989869.56
2026-07-02,JPY,FRA,TONA,2-5Y,CLIENT,786,161534460341.75,40383615.09
2026-07-02,JPY,FRA,TONA,5-10Y,DEALER,659,93183417171.04,55910050.3
2026-07-02,JPY,FRA,TONA,5-10Y,CLIENT,674,140338860246.04,84203316.15
2026-07-02,JPY,FRA,TONA,15-30Y,DEALER,317,73156211571.04,138996801.98
2026-07-02,JPY,VNS,TONA,0-2Y,DEALER,72,2862668899.23,229013.51
2026-07-02,JPY,VNS,TONA,0-2Y,CLIENT,32,879380235.15,70350.42
2026-07-02,JPY,VNS,TONA,2-5Y,DEALER,386,41633558935.31,10408389.73
2026-07-02,JPY,VNS,TONA,5-10Y,CLIENT,796,187573275822.64,112543965.49
2026-07-02,JPY,VNS,TONA,10-15Y,DEALER,54,2328322122.04,2561154.33
2026-07-02,JPY,VNS,TONA,10-15Y,CLIENT,51,8676239039.11,9543862.94
2026-07-02,JPY,VNS,TONA,15-30Y,CLIENT,498,76559343667.88,145462752.97
2026-07-02,CHF,IRS,SARON,0-2Y,DEALER,354,39056409424.6,3124512.75
2026-07-02,CHF,IRS,SARON,2-5Y,DEALER,499,66915329269.4,16728832.32
2026-07-02,CHF,IRS,SARON,5-10Y,CLIENT,57,392350154.59,235410.09
2026-07-02,CHF,OIS,SARON,0-2Y,DEALER,180,6597089447.58,527767.16
2026-07-02,CHF,OIS,SARON,0-2Y,CLIENT,236,30105168877.88,2408413.51
2026-07-02,CHF,OIS,SARON,2-5Y,DEALER,826,75802810468.05,18950702.62
2026-07-02,CHF,OIS,SARON,5-10Y,DEALER,447,4287479379.18,2572487.63
2026-07-02,CHF,OIS,SARON,5-10Y,CLIENT,321,46885579196.15,28131347.52
2026-07-02,CHF,OIS,SARON,10-15Y,DEALER,727,117653833382.41,129419216.72
2026-07-02,CHF,OIS,SARON,15-30Y,CLIENT,176,35433011293.87,67322721.46
2026-07-02,CHF,OIS,SARON,30Y+,DEALER,707,162852917547.88,455988169.13
2026-07-02,CHF,BASIS,SARON,0-2Y,DEALER,250,27935187275.1,2234814.98
2026-07-02,CHF,BASIS,SARON,2-5Y,CLIENT,764,67370095965.37,16842523.99
2026-07-02,CHF,BASIS,SARON,10-15Y,DEALER,117,15794787187.45,17374265.91
2026-07-02,CHF,BASIS,SARON,15-30Y,DEALER,360,65954837120.44,125314190.53
2026-07-02,CHF,BASIS,SARON,15-30Y,CLIENT,835,34388648199.18,65338431.58
2026-07-02,CHF,INFLATION,SARON,2-5Y,DEALER,78,3775262524.18,943815.63
2026-07-02,CHF,INFLATION,SARON,2-5Y,CLIENT,506,60046261903.56,15011565.48
2026-07-02,CHF,INFLATION,SARON,5-10Y,DEALER,594,68299182050.49,40979509.23
2026-07-02,CHF,INFLATION,SARON,5-10Y,CLIENT,579,94106606139.92,56463963.68
2026-07-02,CHF,INFLATION,SARON,10-15Y,DEALER,331,71741100314.45,78915210.35
2026-07-02,CHF,INFLATION,SARON,10-15Y,CLIENT,155,17474992950.58,19222492.25
2026-07-02,CHF,INFLATION,SARON,15-30Y,DEALER,647,51236581276.06,97349504.42
2026-07-02,CHF,INFLATION,SARON,30Y+,CLIENT,318,37564357119.04,105180199.93
2026-07-02,CHF,FRA,SARON,2-5Y,CLIENT,93,14477966130.05,3619491.53
2026-07-02,CHF,FRA,SARON,5-10Y,DEALER,474,69763654082.66,41858192.45
2026-07-02,CHF,FRA,SARON,5-10Y,CLIENT,757,169938784323.99,101963270.59
2026-07-02,CHF,FRA,SARON,10-15Y,CLIENT,668,34147270853.23,37561997.94
2026-07-02,CHF,FRA,SARON,15-30Y,DEALER,514,21567935388.28,40979077.24
2026-07-02,CHF,FRA,SARON,30Y+,CLIENT,352,86480932513.49,242146611.04
2026-07-02,CHF,VNS,SARON,0-2Y,CLIENT,41,2693585703.54,215486.86
2026-07-02,CHF,VNS,SARON,5-10Y,DEALER,163,15347265020.05,9208359.01
2026-07-02,CHF,VNS,SARON,5-10Y,CLIENT,397,41743955423.26,25046373.25
2026-07-02,CHF,VNS,SARON,10-15Y,CLIENT,809,129089873487.27,141998860.84
2026-07-02,CHF,VNS,SARON,30Y+,DEALER,396,29547939405.65,82734230.34
2026-07-02,CHF,VNS,SARON,30Y+,CLIENT,673,162381747574.6,454668893.21
2026-07-02,CAD,IRS,CORRA,0-2Y,DEALER,154,13347749620.56,1067819.97
2026-07-02,CAD,IRS,CORRA,0-2Y,CLIENT,145,33292417815.9,2663393.43
2026-07-02,CAD,IRS,CORRA,2-5Y,CLIENT,679,68599170484.11,17149792.62
2026-07-02,CAD,IRS,CORRA,5-10Y,DEALER,87,7033737930.27,4220242.76
2026-07-02,CAD,IRS,CORRA,10-15Y,DEALER,833,30245790346.42,33270369.38
2026-07-02,CAD,IRS,CORRA,10-15Y,CLIENT,757,188724042211.22,207596446.43
2026-07-02,CAD,IRS,CORRA,15-30Y,DEALER,96,15674503783.65,29781557.19
2026-07-02,CAD,OIS,CORRA,2-5Y,DEALER,498,25916558559.39,6479139.64
2026-07-02,CAD,OIS,CORRA,2-5Y,CLIENT,159,3800965858.94,950241.46
2026-07-02,CAD,OIS,CORRA,5-10Y,DEALER,104,13455933880.22,8073560.33
2026-07-02,CAD,OIS,CORRA,5-10Y,CLIENT,757,167677112823.08,100606267.69
2026-07-02,CAD,OIS,CORRA,15-30Y,DEALER,135,20428926038.44,38814959.47
2026-07-02,CAD,OIS,CORRA,30Y+,CLIENT,640,130058055239.44,364162554.67
2026-07-02,CAD,BASIS,CORRA,2-5Y,CLIENT,244,59182006711.77,14795501.68
2026-07-02,CAD,BASIS,CORRA,5-10Y,DEALER,771,145249805585.64,87149883.35
2026-07-02,CAD,BASIS,CORRA,10-15Y,DEALER,317,76578062827.67,84235869.11
2026-07-02,CAD,BASIS,CORRA,10-15Y,CLIENT,199,18929085918.26,20821994.51
2026-07-02,CAD,BASIS,CORRA,15-30Y,DEALER,452,53386440812.56,101434237.54
2026-07-02,CAD,BASIS,CORRA,30Y+,CLIENT,166,34052966713.77,95348306.8
2026-07-02,CAD,INFLATION,CORRA,0-2Y,DEALER,142,31081736798.86,2486538.94
2026-07-02,CAD,INFLATION,CORRA,2-5Y,DEALER,381,53668605881.64,13417151.47
2026-07-02,CAD,INFLATION,CORRA,5-10Y,DEALER,128,9579576120.9,5747745.67
2026-07-02,CAD,INFLATION,CORRA,5-10Y,CLIENT,280,32223298517.64,19333979.11
2026-07-02,CAD,INFLATION,CORRA,10-15Y,DEALER,448,12306481405.78,13537129.55
2026-07-02,CAD,INFLATION,CORRA,10-15Y,CLIENT,837,96695561314.61,106365117.45
2026-07-02,CAD,INFLATION,CORRA,30Y+,CLIENT,242,24105789138.86,67496209.59
2026-07-02,CAD,FRA,CORRA,5-10Y,DEALER,344,68417560127.0,41050536.08
2026-07-02,CAD,FRA,CORRA,10-15Y,CLIENT,713,148747535235.06,163622288.76
2026-07-02,CAD,FRA,CORRA,15-30Y,DEALER,481,55270440701.44,105013837.33
2026-07-02,CAD,VNS,CORRA,0-2Y,DEALER,562,132269710964.81,10581576.88
2026-07-02,CAD,VNS,CORRA,0-2Y,CLIENT,434,13992498858.28,1119399.91
2026-07-02,CAD,VNS,CORRA,10-15Y,DEALER,469,9561855686.93,10518041.26
2026-07-02,CAD,VNS,CORRA,10-15Y,CLIENT,512,77414945531.21,85156440.08
2026-07-02,CAD,VNS,CORRA,15-30Y,CLIENT,248,44898753356.66,85307631.38
2026-07-02,AUD,IRS,AONIA,0-2Y,CLIENT,192,32212026033.94,2576962.08
2026-07-02,AUD,IRS,AONIA,2-5Y,CLIENT,70,16700873077.45,4175218.27
2026-07-02,AUD,IRS,AONIA,5-10Y,DEALER,806,199195818460.73,119517491.08
2026-07-02,AUD,IRS,AONIA,5-10Y,CLIENT,400,87586480975.7,52551888.59
2026-07-02,AUD,IRS,AONIA,15-30Y,CLIENT,366,72536589859.78,137819520.73
2026-07-02,AUD,IRS,AONIA,30Y+,CLIENT,644,19576085014.1,54813038.04
2026-07-02,AUD,IRS,BBSW,0-2Y,DEALER,775,67011970764.63,5360957.66
2026-07-02,AUD,IRS,BBSW,2-5Y,DEALER,834,135512428258.7,33878107.06
2026-07-02,AUD,IRS,BBSW,2-5Y,CLIENT,702,83420492527.49,20855123.13
2026-07-02,AUD,IRS,BBSW,5-10Y,DEALER,647,32128796918.58,19277278.15
2026-07-02,AUD,IRS,BBSW,10-15Y,DEALER,469,6594622412.91,7254084.65
2026-07-02,AUD,IRS,BBSW,15-30Y,DEALER,43,3539801964.22,6725623.73
2026-07-02,AUD,IRS,BBSW,30Y+,CLIENT,485,32525008150.2,91070022.82
2026-07-02,AUD,OIS,AONIA,0-2Y,DEALER,196,14719045204.39,1177523.62
2026-07-02,AUD,OIS,AONIA,0-2Y,CLIENT,49,10638908316.32,851112.67
2026-07-02,AUD,OIS,AONIA,5-10Y,CLIENT,762,85904432146.92,51542659.29
2026-07-02,AUD,OIS,AONIA,10-15Y,DEALER,348,84759672798.72,93235640.08
2026-07-02,AUD,OIS,AONIA,10-15Y,CLIENT,510,48449998523.61,53294998.38
2026-07-02,AUD,OIS,AONIA,15-30Y,DEALER,274,55151071107.28,104787035.1
2026-07-02,AUD,OIS,AONIA,15-30Y,CLIENT,81,8950398931.51,17005757.97
2026-07-02,AUD,OIS,AONIA,30Y+,DEALER,185,25648627059.65,71816155.77
2026-07-02,AUD,OIS,BBSW,0-2Y,CLIENT,314,35874299655.26,2869943.97
2026-07-02,AUD,OIS,BBSW,2-5Y,DEALER,171,29752696649.82,7438174.16
2026-07-02,AUD,OIS,BBSW,5-10Y,CLIENT,362,56341177956.21,33804706.77
2026-07-02,AUD,OIS,BBSW,10-15Y,CLIENT,811,192398860506.54,211638746.56
2026-07-02,AUD,OIS,BBSW,15-30Y,CLIENT,373,48753365888.77,92631395.19
2026-07-02,AUD,OIS,BBSW,30Y+,DEALER,164,39103077942.51,109488618.24
2026-07-02,AUD,BASIS,AONIA,0-2Y,DEALER,801,89994226030.37,7199538.08
2026-07-02,AUD,BASIS,AONIA,2-5Y,CLIENT,371,36654550841.5,9163637.71
2026-07-02,AUD,BASIS,AONIA,5-10Y,DEALER,620,26407257019.35,15844354.21
2026-07-02,AUD,BASIS,BBSW,0-2Y,CLIENT,27,5001489195.46,400119.14
2026-07-02,AUD,BASIS,BBSW,2-5Y,DEALER,397,90840711827.92,22710177.96
2026-07-02,AUD,BASIS,BBSW,5-10Y,DEALER,721,82436913940.89,49462148.36
2026-07-02,AUD,BASIS,BBSW,5-10Y,CLIENT,293,51282400317.11,30769440.19
2026-07-02,AUD,BASIS,BBSW,10-15Y,DEALER,205,7184464515.13,7902910.97
2026-07-02,AUD,BASIS,BBSW,10-15Y,CLIENT,463,21900274648.53,24090302.11
2026-07-02,AUD,BASIS,BBSW,15-30Y,DEALER,90,18321816464.79,34811451.28
2026-07-02,AUD,BASIS,BBSW,15-30Y,CLIENT,328,55307605563.69,105084450.57
2026-07-02,AUD,BASIS,BBSW,30Y+,DEALER,564,77737238694.15,217664268.34
2026-07-02,AUD,BASIS,BBSW,30Y+,CLIENT,162,29061703338.05,81372769.35
2026-07-02,AUD,INFLATION,AONIA,0-2Y,DEALER,654,31164602492.03,2493168.2
2026-07-02,AUD,INFLATION,AONIA,2-5Y,CLIENT,812,31688164923.31,7922041.23
2026-07-02,AUD,INFLATION,AONIA,5-10Y,DEALER,27,2522330509.2,1513398.31
2026-07-02,AUD,INFLATION,AONIA,5-10Y,CLIENT,479,96708721888.6,58025233.13
2026-07-02,AUD,INFLATION,AONIA,10-15Y,DEALER,627,138968517930.5,152865369.72
2026-07-02,AUD,INFLATION,AONIA,15-30Y,CLIENT,491,65693558797.81,124817761.72
2026-07-02,AUD,INFLATION,AONIA,30Y+,DEALER,844,123097927142.76,344674196.0
2026-07-02,AUD,INFLATION,BBSW,2-5Y,DEALER,530,47385244274.25,11846311.07
2026-07-02,AUD,INFLATION,BBSW,2-5Y,CLIENT,799,111915405603.71,27978851.4
2026-07-02,AUD,INFLATION,BBSW,5-10Y,DEALER,787,190245311535.7,114147186.92
2026-07-02,AUD,INFLATION,BBSW,10-15Y,DEALER,57,11895372612.32,13084909.87
2026-07-02,AUD,INFLATION,BBSW,10-15Y,CLIENT,312,14146387186.8,15561025.91
2026-07-02,AUD,INFLATION,BBSW,15-30Y,CLIENT,355,84182345824.02,159946457.07
2026-07-02,AUD,INFLATION,BBSW,30Y+,DEALER,291,61765843580.38,172944362.03
2026-07-02,AUD,FRA,AONIA,0-2Y,DEALER,565,40815884272.58,3265270.74
2026-07-02,AUD,FRA,AONIA,0-2Y,CLIENT,630,85492333894.75,6839386.71
2026-07-02,AUD,FRA,AONIA,2-5Y,DEALER,173,25948800954.74,6487200.24
2026-07-02,AUD,FRA,AONIA,2-5Y,CLIENT,176,29284561500.31,7321140.38
2026-07-02,AUD,FRA,AONIA,5-10Y,DEALER,620,54384415205.42,32630649.12
2026-07-02,AUD,FRA,AONIA,5-10Y,CLIENT,43,8908864076.29,5345318.45
2026-07-02,AUD,FRA,AONIA,15-30Y,DEALER,591,41275852174.69,78424119.13
2026-07-02,AUD,FRA,AONIA,30Y+,DEALER,633,102262949043.71,286336257.32
2026-07-02,AUD,FRA,AONIA,30Y+,CLIENT,643,89162548870.62,249655136.84
2026-07-02,AUD,FRA,BBSW,0-2Y,DEALER,310,38229658940.42,3058372.72
2026-07-02,AUD,FRA,BBSW,0-2Y,CLIENT,702,73353853674.8,5868308.29
2026-07-02,AUD,FRA,BBSW,2-5Y,DEALER,706,13893157306.71,3473289.33
2026-07-02,AUD,FRA,BBSW,5-10Y,DEALER,209,18464560462.45,11078736.28
2026-07-02,AUD,FRA,BBSW,10-15Y,DEALER,327,60455413356.17,66500954.69
2026-07-02,AUD,FRA,BBSW,10-15Y,CLIENT,409,15148422216.31,16663264.44
2026-07-02,AUD,FRA,BBSW,15-30Y,CLIENT,327,21001828728.93,39903474.58
2026-07-02,AUD,VNS,AONIA,2-5Y,DEALER,631,67796540645.86,16949135.16
2026-07-02,AUD,VNS,AONIA,2-5Y,CLIENT,164,33505539869.94,8376384.97
2026-07-02,AUD,VNS,AONIA,5-10Y,DEALER,739,60313599996.72,36188160.0
2026-07-02,AUD,VNS,AONIA,5-10Y,CLIENT,511,127245390422.09,76347234.25
2026-07-02,AUD,VNS,AONIA,10-15Y,DEALER,316,40086406539.34,44095047.19
2026-07-02,AUD,VNS,AONIA,15-30Y,CLIENT,247,14254464729.18,27083482.99
2026-07-02,AUD,VNS,BBSW,0-2Y,DEALER,670,113744257108.1,9099540.57
2026-07-02,AUD,VNS,BBSW,30Y+,DEALER,372,52280737532.25,146386065.09
2026-07-02,SEK,IRS,SWESTR,0-2Y,DEALER,783,109396834767.57,8751746.78
2026-07-02,SEK,IRS,SWESTR,0-2Y,CLIENT,639,109714809103.81,8777184.73
2026-07-02,SEK,IRS,SWESTR,2-5Y,CLIENT,404,38959171329.43,9739792.83
2026-07-02,SEK,IRS,SWESTR,5-10Y,DEALER,572,134444252173.13,80666551.3
2026-07-02,SEK,IRS,SWESTR,5-10Y,CLIENT,204,31131098299.07,18678658.98
2026-07-02,SEK,IRS,SWESTR,15-30Y,CLIENT,824,99759469081.78,189542991.26
2026-07-02,SEK,IRS,SWESTR,30Y+,DEALER,621,138990521291.21,389173459.62
2026-07-02,SEK,OIS,SWESTR,0-2Y,DEALER,327,14653851405.43,1172308.11
2026-07-02,SEK,OIS,SWESTR,0-2Y,CLIENT,758,160269603930.79,12821568.31
2026-07-02,SEK,OIS,SWESTR,2-5Y,DEALER,520,108124067770.97,27031016.94
2026-07-02,SEK,OIS,SWESTR,2-5Y,CLIENT,726,103757338240.85,25939334.56
2026-07-02,SEK,OIS,SWESTR,5-10Y,DEALER,18,1714457941.51,1028674.76
2026-07-02,SEK,OIS,SWESTR,5-10Y,CLIENT,427,63198999569.51,37919399.74
2026-07-02,SEK,OIS,SWESTR,10-15Y,DEALER,743,162467562238.89,178714318.46
2026-07-02,SEK,OIS,SWESTR,10-15Y,CLIENT,612,74220056699.91,81642062.37
2026-07-02,SEK,OIS,SWESTR,15-30Y,DEALER,802,195009453212.16,370517961.1
2026-07-02,SEK,OIS,SWESTR,15-30Y,CLIENT,234,42527868437.95,80802950.03
2026-07-02,SEK,OIS,SWESTR,30Y+,DEALER,175,23351461261.28,65384091.53
2026-07-02,SEK,OIS,SWESTR,30Y+,CLIENT,794,167602240818.13,469286274.29
2026-07-02,SEK,BASIS,SWESTR,0-2Y,CLIENT,33,4794230644.3,383538.45
2026-07-02,SEK,BASIS,SWESTR,2-5Y,DEALER,196,1889372387.67,472343.1
2026-07-02,SEK,BASIS,SWESTR,5-10Y,CLIENT,421,53865172803.1,32319103.68
2026-07-02,SEK,BASIS,SWESTR,10-15Y,DEALER,483,105699883584.14,116269871.94
2026-07-02,SEK,BASIS,SWESTR,10-15Y,CLIENT,64,11386555640.14,12525211.2
2026-07-02,SEK,BASIS,SWESTR,15-30Y,DEALER,575,48666353162.27,92466071.01
2026-07-02,SEK,BASIS,SWESTR,15-30Y,CLIENT,539,52456595819.2,99667532.06
2026-07-02,SEK,BASIS,SWESTR,30Y+,DEALER,471,107609567549.83,301306789.14
2026-07-02,SEK,INFLATION,SWESTR,0-2Y,CLIENT,739,126947447035.94,10155795.76
2026-07-02,SEK,INFLATION,SWESTR,2-5Y,DEALER,271,41861034534.33,10465258.63
2026-07-02,SEK,INFLATION,SWESTR,5-10Y,CLIENT,231,54438374494.4,32663024.7
2026-07-02,SEK,INFLATION,SWESTR,10-15Y,DEALER,790,59886750794.45,65875425.87
2026-07-02,SEK,INFLATION,SWESTR,15-30Y,DEALER,325,39829347572.46,75675760.39
2026-07-02,SEK,INFLATION,SWESTR,15-30Y,CLIENT,815,148173334795.82,281529336.11
2026-07-02,SEK,INFLATION,SWESTR,30Y+,CLIENT,557,54599967007.12,152879907.62
2026-07-02,SEK,FRA,SWESTR,0-2Y,DEALER,839,75139158153.46,6011132.65
2026-07-02,SEK,FRA,SWESTR,0-2Y,CLIENT,150,11424134960.74,913930.8
2026-07-02,SEK,FRA,SWESTR,2-5Y,CLIENT,355,82140737733.62,20535184.43
2026-07-02,SEK,FRA,SWESTR,5-10Y,DEALER,766,93738805290.3,56243283.17
2026-07-02,SEK,FRA,SWESTR,10-15Y,DEALER,576,101123693947.28,111236063.34
2026-07-02,SEK,FRA,SWESTR,15-30Y,DEALER,601,38238087800.26,72652366.82
2026-07-02,SEK,FRA,SWESTR,30Y+,DEALER,232,37420769552.55,104778154.75
2026-07-02,SEK,VNS,SWESTR,0-2Y,CLIENT,103,17704879781.38,1416390.38
2026-07-02,SEK,VNS,SWESTR,2-5Y,CLIENT,162,16960156751.9,4240039.19
2026-07-02,SEK,VNS,SWESTR,5-10Y,DEALER,488,59523745103.91,35714247.06
2026-07-02,SEK,VNS,SWESTR,10-15Y,DEALER,329,24650903585.65,27115993.94
2026-07-02,SEK,VNS,SWESTR,15-30Y,DEALER,668,97302664580.68,184875062.7
2026-07-02,SEK,VNS,SWESTR,15-30Y,CLIENT,741,158078722925.54,300349573.56
2026-07-02,SEK,VNS,SWESTR,30Y+,CLIENT,428,94652207886.06,265026182.08
